[
	{
	  "Bandwidth": 0.8,
	  "Frequency": 31,
	  "Gain": 0
	},
	{
	  "Bandwidth": 0.8,
	  "Frequency": 62,
	  "Gain": 0
	},
	{
	  "Bandwidth": 0.8,
	  "Frequency": 125,
	  "Gain": 1
	},
	{
	  "Bandwidth": 0.8,
	  "Frequency": 250,
	  "Gain": 4
	},
	{
	  "Bandwidth": 0.8,
	  "Frequency": 500,
	  "Gain": 4
	},
	{
	  "Bandwidth": 0.8,
	  "Frequency": 1000,
	  "Gain": 4
	},
	{
	  "Bandwidth": 0.8,
	  "Frequency": 2000,
	  "Gain": 0
	},
	{
	  "Bandwidth": 0.8,
	  "Frequency": 4000,
	  "Gain": 1
	},
	{
	  "Bandwidth": 0.8,
	  "Frequency": 8000,
	  "Gain": 3
	},
	{
	  "Bandwidth": 0.8,
	  "Frequency": 16000,
	  "Gain": 3
	}
]